{
  "name": "Tapsagoi FC Dashboard",
  "short_name": "Tapsagoi FC",
  "description": "Official Tapsagoi FC Dashboard – chats, players, fixtures, standings, and more.",
  "start_url": "/index.html",
  "scope": "/",
  "display": "standalone",
  "background_color": "#ffffff",
  "theme_color": "#007bff",
  "orientation": "portrait",
  "icons": [
    {
      "src": "icons/icon-192.png",
      "sizes": "192x192",
      "type": "image/png"
    },
    {
      "src": "icons/icon-512.png",
      "sizes": "512x512",
      "type": "image/png"
    },
    {
      "src": "icons/splash-1024.png",
      "sizes": "1024x1024",
      "type": "image/png",
      "purpose": "any maskable"
    }
  ]
}